{
  "diaspora": {
    "surface": [
      "What's a food from your heritage that you had to explain to friends?",
      "Name a holiday your family celebrates that others might not know about.",
      "What language did you hear most at home growing up?",
      "Describe the accent you switch to when talking to family.",
      "What's something your parents brought from their homeland that shaped your childhood?",
      "Name a tradition that got lost or changed when your family moved.",
      "What's a word in your heritage language that has no English equivalent?",
      "Describe a cultural practice you do differently than your parents.",
      "What's something about your culture that you're tired of explaining?",
      "Name a place that feels like 'home' even though you've never lived there.",
      "What's a stereotype about your background that makes you laugh?",
      "Describe a moment when you felt proud of your heritage.",
      "What's something your grandparents did that you wish you could do?",
      "Name a cultural food that tastes like childhood to you.",
      "What's a family story that gets told at every gathering?"
    ],
    "story": [
      "Tell about a time you felt caught between two cultures.",
      "Describe a moment when you realized your family's immigration story.",
      "What's a tradition you've had to adapt or abandon, and how did that feel?",
      "Tell about a time when you had to translate more than just words.",
      "Describe a moment when you felt the weight of representing your culture.",
      "What's a conversation with an elder that changed your perspective?",
      "Tell about a time when you felt homesick for a place you'd never been.",
      "Describe a moment when you realized you were becoming a bridge between worlds.",
      "What's a cultural expectation you've struggled with?",
      "Tell about a time when you felt the distance between generations.",
      "Describe a moment when you had to choose between fitting in and honoring your heritage.",
      "What's a family sacrifice you didn't understand until you were older?",
      "Tell about a time when you felt the responsibility of carrying your family's story.",
      "Describe a moment when you realized home could be multiple places.",
      "What's a cultural practice you've modified for your own life?"
    ],
    "soul": [
      "What part of your heritage do you worry might disappear with you?",
      "How do you carry your ancestors' dreams while pursuing your own?",
      "What does 'home' mean when you're from everywhere and nowhere?",
      "How do you honor your roots while growing beyond them?",
      "What generational trauma are you working to heal?",
      "If you could ask your ancestors one question about their journey, what would it be?",
      "How do you navigate the space between honoring tradition and creating change?",
      "What do you hope your descendants will understand about this moment in your family's story?",
      "How has displacement shaped your understanding of belonging?",
      "What do you carry in your body that your words can't express?",
      "How do you find peace with the parts of your story that feel incomplete?",
      "What does it mean to you to be a bridge between worlds?",
      "How do you hold space for both gratitude and grief about your family's journey?",
      "What legacy do you want to leave that goes beyond survival?",
      "How do you reconcile the person your family raised you to be with who you're becoming?"
    ]
  },
  "love_boundaries": {
    "surface": [
      "What's your love language, and how did you discover it?",
      "Describe the kind of affection you received most as a child.",
      "What's a relationship rule you learned from watching your parents?",
      "Name something you need in relationships that you didn't always know you needed.",
      "What's a boundary you've learned to set that felt scary at first?",
      "Describe how you show care when words aren't enough.",
      "What's something about love that you believed as a child that you don't believe now?",
      "Name a relationship pattern you've noticed in your family.",
      "What's the difference between how you love and how you want to be loved?",
      "Describe a moment when you realized you were worthy of love.",
      "What's something you do when you're feeling disconnected from someone you care about?",
      "Name a way you've learned to ask for what you need.",
      "What's a relationship skill you're still working on?",
      "Describe how you know when you feel safe with someone.",
      "What's something about intimacy that surprised you?"
    ],
    "story": [
      "Tell about a time when setting a boundary changed a relationship for the better.",
      "Describe a moment when you realized you were repeating a family pattern in love.",
      "What's a relationship that taught you something important about yourself?",
      "Tell about a time when you had to choose between keeping peace and honoring your needs.",
      "Describe a moment when someone's love surprised you.",
      "What's a conversation about love that you wish you'd had sooner?",
      "Tell about a time when you had to love someone differently than they wanted to be loved.",
      "Describe a moment when you realized you were giving more than you were receiving.",
      "What's a relationship that ended but still taught you something valuable?",
      "Tell about a time when you had to forgive yourself for how you loved.",
      "Describe a moment when you realized love wasn't enough to fix something.",
      "What's a boundary you wish you'd set sooner?",
      "Tell about a time when vulnerability led to deeper connection.",
      "Describe a moment when you had to love yourself first.",
      "What's a relationship dynamic you've worked to change?"
    ],
    "soul": [
      "How do you love without losing yourself?",
      "What does unconditional love mean to you, and is it always healthy?",
      "How do you hold space for someone's growth while protecting your own peace?",
      "What generational patterns of love are you working to heal or continue?",
      "How do you navigate the tension between independence and intimacy?",
      "What does it mean to love someone who can't love you the way you need?",
      "How do you forgive without forgetting your boundaries?",
      "What part of love feels most sacred to you?",
      "How do you love people through their seasons of change?",
      "What does it mean to be loved for who you are versus who you could become?",
      "How do you hold both love and disappointment for the same person?",
      "What does it mean to love yourself the way you love others?",
      "How do you know when love is worth fighting for versus when it's time to let go?",
      "What would change about how you love if you knew you were already enough?",
      "How do you want to be remembered for the way you loved?"
    ]
  },
  "health_body": {
    "surface": [
      "What's your earliest memory of thinking about your body?",
      "Describe a physical activity that makes you feel most like yourself.",
      "What's something your body does that you're grateful for?",
      "Name a health habit you've developed that you're proud of.",
      "What's something about your body that you've learned to appreciate?",
      "Describe how you know when your body needs rest.",
      "What's a food that feels like medicine to you?",
      "Name something your body taught you about resilience.",
      "What's a way you've learned to be gentler with yourself?",
      "Describe a moment when you felt strong in your body.",
      "What's something about health that you approach differently than your family?",
      "Name a body wisdom you've inherited from someone you love.",
      "What's a physical sensation that brings you peace?",
      "Describe how your relationship with your body has changed over time.",
      "What's something you do to honor your body's needs?"
    ],
    "story": [
      "Tell about a time when your body surprised you with its strength.",
      "Describe a moment when you realized you'd been fighting your body instead of working with it.",
      "What's a health challenge that taught you something important about yourself?",
      "Tell about a time when you had to advocate for your body's needs.",
      "Describe a moment when you felt disconnected from your physical self.",
      "What's a relationship with food or movement that you've had to heal?",
      "Tell about a time when your body held trauma that your mind couldn't process.",
      "Describe a moment when you realized your worth wasn't tied to your appearance.",
      "What's a health journey that changed how you see yourself?",
      "Tell about a time when you had to set boundaries around your physical needs.",
      "Describe a moment when you felt your body's wisdom guiding you.",
      "What's a physical limitation that led to unexpected growth?",
      "Tell about a time when caring for your body felt like an act of rebellion.",
      "Describe a moment when you realized your body was home.",
      "What's a health practice that connects you to something larger than yourself?"
    ],
    "soul": [
      "How do you honor your body as both temporary and sacred?",
      "What does it mean to age gracefully in a world that fears aging?",
      "How do you hold compassion for your body through all its changes?",
      "What generational health patterns are you working to heal or continue?",
      "How do you navigate the tension between accepting your body and caring for it?",
      "What does embodiment mean to you beyond the physical?",
      "How do you find peace with the parts of your health you can't control?",
      "What wisdom does your body hold that your mind is still learning?",
      "How do you want to inhabit your body in your final years?",
      "What does it mean to be grateful for a body that sometimes struggles?",
      "How do you hold both acceptance and hope for your physical future?",
      "What would change about how you treat your body if you truly believed it was sacred?",
      "How do you navigate the intersection of physical health and spiritual wellbeing?",
      "What does it mean to love your body as it is while caring for what it could become?",
      "How do you want to be remembered for the way you inhabited your physical form?"
    ]
  }
}

